{
  "args": {
    "configs": [
      "uniform4",
      "hetero4",
      "uniform2"
    ],
    "seeds": [
      1,
      2,
      3,
      4,
      5
    ],
    "steps": 1200,
    "batch_size": 128,
    "eval_examples": 512,
    "num_pairs": 8,
    "key_vocab": 96,
    "value_vocab": 96,
    "d_model": 128,
    "n_layers": 2,
    "mlp_dim": 256,
    "lr": 0.001,
    "weight_decay": 0.01,
    "random_controls": 8,
    "random_permutations": 100,
    "role_target": "value",
    "role_metric": "ablation",
    "device": "auto",
    "output_dir": "results/phase3_toy_head_dim_intervention"
  },
  "head_dims_by_config": {
    "uniform4": [
      32,
      32,
      32,
      32
    ],
    "hetero4": [
      16,
      16,
      32,
      64
    ],
    "uniform2": [
      64,
      64
    ]
  },
  "summary_by_config": {
    "uniform4": {
      "n_models": 5,
      "eval_loss_mean": 0.005653561989311129,
      "eval_accuracy_mean": 0.99921875,
      "top_specialization_mean": 0.44143689803772734,
      "own_top_loss_delta_mean": 0.138027640839573,
      "random_same_layer_loss_delta_mean": 0.0585678362971521,
      "raw_diag_mean": 0.6348874524235726,
      "matched_mean": 0.636635684967041,
      "random_perm_mean": 0.634680428534746,
      "matched_minus_random_mean": 0.0019552564322948495,
      "raw_role_similarity_mean": 0.6184835701120313,
      "aligned_role_similarity_mean": 0.6282127358754674,
      "random_role_similarity_mean": 0.5925880952187653,
      "raw_top_head_match_rate": 0.3,
      "aligned_top_head_match_rate": 0.4,
      "top_head_dim_counts": {
        "32": 5
      },
      "top_head_dim_fraction": {
        "32": 1.0
      }
    },
    "hetero4": {
      "n_models": 5,
      "eval_loss_mean": 0.011689019598998129,
      "eval_accuracy_mean": 0.998046875,
      "top_specialization_mean": 0.9740922777946812,
      "own_top_loss_delta_mean": 1.608365147910081,
      "random_same_layer_loss_delta_mean": 0.009797239684849047,
      "raw_diag_mean": 0.5659542247653008,
      "matched_mean": 0.5693822905421257,
      "random_perm_mean": 0.5634061711430549,
      "matched_minus_random_mean": 0.005976119399070751,
      "raw_role_similarity_mean": 0.9529927962036844,
      "aligned_role_similarity_mean": 0.6803102754500788,
      "random_role_similarity_mean": 0.27263607451485844,
      "raw_top_head_match_rate": 1.0,
      "aligned_top_head_match_rate": 0.7,
      "top_head_dim_counts": {
        "64": 5
      },
      "top_head_dim_fraction": {
        "64": 1.0
      }
    },
    "uniform2": {
      "n_models": 5,
      "eval_loss_mean": 0.005102247733157128,
      "eval_accuracy_mean": 0.999609375,
      "top_specialization_mean": 0.7704097299701474,
      "own_top_loss_delta_mean": 0.9342912756022997,
      "random_same_layer_loss_delta_mean": 0.2069339644163847,
      "raw_diag_mean": 0.6558744475245476,
      "matched_mean": 0.6565421089529991,
      "random_perm_mean": 0.6559311170428991,
      "matched_minus_random_mean": 0.0006109919100999811,
      "raw_role_similarity_mean": 0.6733548709899775,
      "aligned_role_similarity_mean": 0.7547002451029132,
      "random_role_similarity_mean": 0.705986949997505,
      "raw_top_head_match_rate": 0.4,
      "aligned_top_head_match_rate": 0.7,
      "top_head_dim_counts": {
        "64": 5
      },
      "top_head_dim_fraction": {
        "64": 1.0
      }
    }
  }
}