config,local_weight,induction_weight,n_models,local_accuracy_mean,induction_accuracy_mean,local_top_64_rate,induction_top_64_rate,same_top_slot_rate,same_top_dim_rate,local_top_specialization_mean,induction_top_specialization_mean,local_top_score_mean,induction_top_score_mean,local_top_slot_counts_json,induction_top_slot_counts_json,local_top_dim_counts_json,induction_top_dim_counts_json
hetero4_64second,0.0,1.0,5,0.226416015625,0.9980729579925537,0.2,1.0,0.2,0.2,0.60143895206621,0.9615630502463366,0.6062065124511719,1.8839147464605048,"{""L0H0:d16"": 2, ""L0H1:d64"": 1, ""L0H2:d16"": 1, ""L0H3:d32"": 1}","{""L0H1:d64"": 2, ""L1H1:d64"": 3}","{""16"": 3, ""32"": 1, ""64"": 1}","{""64"": 5}"
hetero4_64second,0.01,1.0,5,0.9962890625,0.9976042121648788,1.0,1.0,0.6,1.0,0.8762918474570631,0.9689473568264839,0.5300721722189337,1.479904386063572,"{""L1H1:d64"": 5}","{""L0H1:d64"": 2, ""L1H1:d64"": 3}","{""64"": 5}","{""64"": 5}"
hetero4_64second,0.1,1.0,5,0.999755859375,0.9976302593946457,0.8,0.4,0.6,0.6,0.7934667534580535,0.7124403782810348,0.5370365800568834,5.005095535470173,"{""L0H1:d64"": 3, ""L0H2:d16"": 1, ""L1H1:d64"": 1}","{""L0H0:d16"": 2, ""L0H1:d64"": 2, ""L0H2:d16"": 1}","{""16"": 1, ""64"": 4}","{""16"": 3, ""64"": 2}"
hetero4_64second,0.25,1.0,5,0.99990234375,0.9980469137430191,0.8,0.4,0.2,0.6,0.9131693532292117,0.6135063176560775,0.2128471228737908,5.2140253531499186,"{""L0H2:d16"": 1, ""L1H1:d64"": 4}","{""L0H1:d64"": 2, ""L0H2:d16"": 1, ""L0H3:d32"": 2}","{""16"": 1, ""64"": 4}","{""16"": 1, ""32"": 2, ""64"": 2}"
hetero4_64second,1.0,1.0,5,1.0,1.0,1.0,0.2,0.2,0.2,0.9241513756189447,0.7245330405211072,0.14184655340723112,3.2447139481519116,"{""L1H1:d64"": 5}","{""L0H0:d16"": 1, ""L0H2:d16"": 3, ""L1H1:d64"": 1}","{""64"": 5}","{""16"": 4, ""64"": 1}"
