{
  "args": {
    "configs": [
      "uniform4",
      "hetero4",
      "uniform2",
      "hetero4_64first"
    ],
    "seeds": [
      1,
      2,
      3,
      4,
      5
    ],
    "steps": 1200,
    "batch_size": 128,
    "eval_examples": 512,
    "repeat_length": 16,
    "vocab_size": 128,
    "d_model": 128,
    "n_layers": 2,
    "mlp_dim": 256,
    "lr": 0.001,
    "weight_decay": 0.01,
    "random_controls": 8,
    "random_permutations": 100,
    "device": "auto",
    "output_dir": "results/phase3_toy_induction_head_dim_intervention"
  },
  "head_dims_by_config": {
    "uniform4": [
      32,
      32,
      32,
      32
    ],
    "hetero4": [
      16,
      16,
      32,
      64
    ],
    "uniform2": [
      64,
      64
    ],
    "hetero4_64first": [
      64,
      16,
      16,
      32
    ]
  },
  "summary_by_config": {
    "uniform4": {
      "n_models": 5,
      "eval_loss_mean": 0.00437358288327232,
      "eval_accuracy_mean": 0.9992708772420883,
      "top_specialization_mean": 0.5795883681861765,
      "own_top_loss_delta_mean": 0.05869240494212136,
      "random_same_layer_loss_delta_mean": 0.014123666204977781,
      "raw_diag_mean": 0.7144523680210113,
      "matched_mean": 0.7163758337497711,
      "random_perm_mean": 0.714584275752306,
      "matched_minus_random_mean": 0.0017915579974651318,
      "raw_role_similarity_mean": 0.6591355205397863,
      "aligned_role_similarity_mean": 0.7177173126227284,
      "random_role_similarity_mean": 0.6461563452472245,
      "raw_top_head_match_rate": 0.35,
      "aligned_top_head_match_rate": 0.4,
      "top_head_dim_counts": {
        "32": 5
      },
      "top_head_dim_fraction": {
        "32": 1.0
      }
    },
    "hetero4": {
      "n_models": 5,
      "eval_loss_mean": 0.0056109048833604905,
      "eval_accuracy_mean": 0.9990625500679016,
      "top_specialization_mean": 0.9829709615932923,
      "own_top_loss_delta_mean": 1.0195339165220503,
      "random_same_layer_loss_delta_mean": 0.006597616687940899,
      "raw_diag_mean": 0.673334439098835,
      "matched_mean": 0.6749805018305779,
      "random_perm_mean": 0.6678994429558516,
      "matched_minus_random_mean": 0.00708105887472629,
      "raw_role_similarity_mean": 0.9684993909071391,
      "aligned_role_similarity_mean": 0.6979232017539271,
      "random_role_similarity_mean": 0.26819288247397327,
      "raw_top_head_match_rate": 1.0,
      "aligned_top_head_match_rate": 0.7,
      "top_head_dim_counts": {
        "64": 5
      },
      "top_head_dim_fraction": {
        "64": 1.0
      }
    },
    "uniform2": {
      "n_models": 5,
      "eval_loss_mean": 0.004440366686321795,
      "eval_accuracy_mean": 0.9992969155311584,
      "top_specialization_mean": 0.657821877143004,
      "own_top_loss_delta_mean": 0.29889503547456114,
      "random_same_layer_loss_delta_mean": 0.18319128116127104,
      "raw_diag_mean": 0.7551404029130936,
      "matched_mean": 0.7557149916887284,
      "random_perm_mean": 0.7550163684785366,
      "matched_minus_random_mean": 0.0006986232101917345,
      "raw_role_similarity_mean": 0.8747305306488938,
      "aligned_role_similarity_mean": 0.8263794826441666,
      "random_role_similarity_mean": 0.8063618712315371,
      "raw_top_head_match_rate": 0.5,
      "aligned_top_head_match_rate": 0.7,
      "top_head_dim_counts": {
        "64": 5
      },
      "top_head_dim_fraction": {
        "64": 1.0
      }
    },
    "hetero4_64first": {
      "n_models": 5,
      "eval_loss_mean": 0.005280153127387166,
      "eval_accuracy_mean": 0.9992188006639481,
      "top_specialization_mean": 0.9881828963214783,
      "own_top_loss_delta_mean": 1.563662092713639,
      "random_same_layer_loss_delta_mean": 0.004032191172882449,
      "raw_diag_mean": 0.6701160058379173,
      "matched_mean": 0.6718459278345108,
      "random_perm_mean": 0.661931954100728,
      "matched_minus_random_mean": 0.009913973733782768,
      "raw_role_similarity_mean": 0.9881525767130596,
      "aligned_role_similarity_mean": 0.7973398923849402,
      "random_role_similarity_mean": 0.2597619848951617,
      "raw_top_head_match_rate": 1.0,
      "aligned_top_head_match_rate": 0.8,
      "top_head_dim_counts": {
        "64": 5
      },
      "top_head_dim_fraction": {
        "64": 1.0
      }
    }
  }
}