config,n,role_accuracy_mean_mean,role_accuracy_mean_std,role_accuracy_min_mean,role_accuracy_min_std,role_specialization_mean_mean,role_specialization_mean_std,role_effective_heads_mean_mean,role_effective_heads_mean_std,role_top_dim_mass_mean_mean,role_top_dim_mass_mean_std,family_gap_mean,family_gap_std,family_cluster_ari_mean,family_cluster_ari_std
uniform8,5,0.9982117369771004,0.00348358695548477,0.978267052769661,0.04187368788010545,0.5139472168075585,0.07926622293447938,5.313801699098464,1.0889115303831671,1.0,0.0,0.13158860429030467,0.10343671471312593,0.12992317375922605,0.1083745126564433
hetero8_unique_spread,5,0.9989480654150246,0.0019723929997606357,0.9883167743682861,0.021180194129340312,0.6088858557890946,0.10378623656119852,3.9228702834926543,0.7530752577343883,0.6224016404951602,0.1004569140994672,0.0792313976920784,0.06532397568247703,0.04603507202751854,0.057971773996709386
hetero8_unique_extreme,5,0.9996782678365708,0.00029853271592422947,0.9967329636216163,0.0023916735659047293,0.7844787733308214,0.04377287517522181,2.247424531733447,0.2630724193068079,0.7988679658662118,0.042552970413348164,0.08051771389101658,0.04182213388705587,0.05768987754479434,0.05903985116778107
