config,n,role_accuracy_mean_mean,role_accuracy_mean_std,role_accuracy_min_mean,role_accuracy_min_std,role_specialization_mean_mean,role_specialization_mean_std,role_effective_heads_mean_mean,role_effective_heads_mean_std,role_top_dim_mass_mean_mean,role_top_dim_mass_mean_std,family_gap_mean,family_gap_std,family_cluster_ari_mean,family_cluster_ari_std
uniform8,5,0.9995813218504189,0.0005112281604274132,0.9961559072136879,0.00466456027735345,0.5168571722178795,0.04606585005943292,9.11692658897901,1.0048130792175698,1.0,0.0,0.0482933143344592,0.025646971849275807,0.06036979712670256,0.05135640355104667
hetero8_unique_spread,5,0.9989089591056108,0.0011980123045956836,0.9913352474570274,0.006511661069416863,0.4882637467136798,0.036985999019388455,8.020060094929498,0.9132074356258905,0.5451211457520002,0.04216553045381893,0.05034042354323458,0.03246662739618771,0.05072072202314176,0.05897662643978047
hetero8_unique_extreme,5,0.9986904755979777,0.0008247819590023969,0.9899636164307595,0.007390088499290101,0.6192415506732744,0.05684233387257135,4.5890370439022705,0.7652074111831633,0.7209818240648218,0.046444386672494606,0.03806055895646658,0.046301894780678685,0.025391200563833462,0.05996467784943589
